date,open,high,low,close,volume
1563580800000,225.93,235.52,221.63,228.76,351861.37936
1563667200000,228.76,229.96,217.72,225.51,36855.11088
1563753600000,225.51,228.33,212,217.19,259523.19569
1563840000000,217.19,219.25,208.53,211.92,905194.02875
1563926400000,211.92,218.19,200.4,216.46,644354.32163
1564012800000,216.46,226,215.6,219.17,184366.90298
1564099200000,219.17,220.23,213.29,219.16,104434.69835
1564185600000,219.16,225.33,202.59,207.02,267252.65852
1564272000000,207.01,218,197.79,211.35,175470.49159
1564358400000,211.38,215.18,206.6,210.7,312387.84076
1564444800000,210.7,214.47,204.49,209.94,358634.25991
1564531200000,209.94,219.07,209.69,218.68,1759007.41916
1564617600000,218.68,219.4,211.04,217.5,1967907.45283
1564704000000,217.37,222.8,213.51,217.8,3366258.53011
1564790400000,217.8,224.73,216.82,222.22,1361332.86484
1564876800000,222.22,223.84,217.69,222.7,930769.66635
1564963200000,222.7,237.07,222.66,233.46,3910937.22168
1565049600000,233.46,239.68,222.9,226.06,2047251.26531
1565136000000,226.06,231.63,220.64,226.14,1695346.98785
1565222400000,226.14,226.81,215.42,221.28,1249768.26154
1565308800000,221.28,221.68,206.86,210.15,323937.70643
1565395200000,210.15,214.78,200.54,205.89,1243067.97154
1565481600000,205.99,216.65,205.63,216.39,229600.3923
1565568000000,216.39,216.55,209.76,211.32,248887.2859
1565654400000,211.32,211.4,204.35,208.71,12276940.08487
1565740800000,208.71,209.3,182.02,186.34,10724726.64308
1565827200000,186.16,189.22,173.83,187.91,2980037.0168
1565913600000,187.91,188.08,176,185.14,6630179.21698
1566000000000,185.14,186.83,182.04,185.56,14483058.65592
1566086400000,185.56,198.15,183.32,194.66,11606924.44538
1566172800000,194.66,203.6,193.07,202.51,6838534.47518
1566259200000,202.51,202.85,194.75,196.74,6113346.71215
1566345600000,196.74,197.17,180.37,187.32,3292235.3111
1566432000000,187.32,195.12,182.82,190.64,3332278.53765
1566518400000,190.64,196.62,188.68,194.67,1766106.45734
1566604800000,194.67,194.7,186.02,191.06,2049958.61177
1566691200000,191.06,192.85,182.95,186.68,2462536.11004
1566777600000,186.7,195.1,185.8,188.47,4811898.22124
1566864000000,188.5,189.19,184.56,187.2,2268737.14415
1566950400000,187.2,188.19,164.3,172.87,4250531.26613
1567036800000,172.87,173.34,163.65,168.77,3583139.93628
1567123200000,168.79,170.24,165.44,168.23,2806303.06109
1567209600000,168.23,174.77,165.82,171.76,3254514.21098
1567296000000,171.76,173.56,167.96,171.17,2284096.6497
1567382400000,171.17,181.43,170.36,178.72,940672.16431
1567468800000,178.72,183.42,174.55,179.03,4070084.87721
1567555200000,179.03,180.43,173.97,174.97,783478.58352
1567641600000,174.97,175.91,169.59,174.13,1368737.56742
1567728000000,174.13,178.57,165.01,169.21,1270769.24143
1567814400000,169.21,181.26,168.49,178.18,620686.19233
1567900800000,178.18,184.85,176.75,181.61,2115785.49411
1567987200000,181.56,185.92,176.29,180.9,3471246.58646
1568073600000,180.89,184.67,176.58,179.9,7728889.99648
1568160000000,179.9,182.73,173.67,178.5,5198888.25378
1568246400000,178.5,182.95,176.72,181.15,2155594.89746
1568332800000,181.15,181.98,177.67,181.54,2758653.08206
1568419200000,181.54,189.29,180.28,188.87,4030906.37757
1568505600000,188.88,191.03,186.37,189.39,2803170.02953
1568592000000,189.39,199.62,188.49,197.69,5904988.02046
1568678400000,197.69,215.22,196.32,208.01,16448367.76473
1568764800000,208.01,217.35,207.95,210.37,9038964.21982
1568851200000,210.37,224.54,202.41,221.06,13195235.46188
1568937600000,221.06,233.06,211.91,218.14,7180215.28717
1569024000000,218.14,221.57,213.3,215.02,4108739.47437
1569110400000,215.02,215.57,206.17,211.35,7489815.90211
1569196800000,211.31,211.92,198.07,201.29,8266275.84036
1569283200000,201.17,202.68,143.64,166.43,25890979.9345
1569369600000,166.13,174.92,162.32,170.1,10466498.49008
1569456000000,170.08,171,151.85,166,7604828.71392
1569542400000,166,177.07,161.05,174.12,8004248.69628
1569628800000,174.12,175.75,168.29,173.79,5086790.03594
1569715200000,173.79,174.76,164.4,169.4,4150809.52761
1569801600000,169.4,181.73,165.18,181.27,7997558.33728
1569888000000,181.26,185.75,173.43,176.13,5998411.01055
1569974400000,176.07,181.62,174.14,180.79,2767961.38525
1570060800000,180.79,181.42,169.52,175.17,6145512.2233
1570147200000,175.17,179.56,171.09,175.95,3055957.84655
1570233600000,175.95,177.09,172.31,176.76,3886323.23832
1570320000000,176.76,177.32,167.61,170.21,6410545.90386
1570406400000,170.19,182.67,168.74,180.32,6970995.20179
1570492800000,180.36,185.31,177.45,180.74,6211873.55479
1570579200000,180.77,196.06,179.32,193.31,15202147.73804
1570665600000,193.31,194.85,187.67,191.95,9250048.75287
1570752000000,191.95,197.95,179.7,181.02,10079912.77169
1570838400000,181.02,185.04,177.52,179.86,7335673.52342
1570924800000,179.86,184.79,178.74,181.27,7101594.0164
1571011200000,181.27,188.06,180.7,187.15,6215344.38018
1571097600000,187.15,188.85,176.5,180.77,11402449.93607
1571184000000,180.78,181.59,171.7,174.42,9887988.97889
1571270400000,174.42,179.01,172.58,177.21,5531375.36058
1571356800000,177.21,177.33,168.22,173,10094589.79431
1571443200000,173,175.12,169.71,172.1,11527971.10524
1571529600000,172.1,176.81,169.24,175.53,13046538.11864
1571616000000,175.53,178.1,171.76,174.25,7451828.93831
1571702400000,174.25,175.31,170.49,171.41,5675166.94931
1571788800000,171.41,171.53,151.84,162.29,14914875.26738
1571875200000,162.31,163.85,158.84,160.54,9094621.28167
1571961600000,160.52,188.18,159.88,181.75,18153494.26935
1572048000000,181.75,192.1,174.11,180.15,48849143.62777
1572134400000,180.15,189.2,177.02,184.48,35127876.23956
1572220800000,184.52,190.3,180.94,182.16,23789467.40571
1572307200000,182.18,193.62,181.73,191.17,21169368.39754
1572393600000,191.17,192.39,180.27,183.69,14338530.38933
1572480000000,183.69,185.98,178.21,182.8,10925897.39089
1572566400000,182.8,185.22,176.6,183.62,6499429.77565
1572652800000,183.62,186.23,182,183.34,5291038.68721
1572739200000,183.34,185.25,179.17,181.78,5661670.44789
1572825600000,181.79,189.56,180.65,186.22,11858220.52108
1572912000000,186.22,192.5,182.47,188.84,23527432.34877
1572998400000,188.84,194.73,187.86,191.2,13857679.3147
1573084800000,191.24,192.35,184.23,186.68,9386366.68705
1573171200000,186.69,188.29,180.83,183.75,7900408.20487
1573257600000,183.74,185.9,182.72,185.01,3400579.95061
1573344000000,185.01,192.36,183.42,189.1,7912013.15462
1573430400000,189.11,190.32,183.85,184.76,5266435.41106
1573516800000,184.76,187.61,181.68,187.07,8970852.48153
1573603200000,187.07,189.6,185.23,187.92,8072163.0726
1573689600000,187.92,188.59,182.51,184.63,6489438.62445
1573776000000,184.63,187.12,176.72,179.81,9799335.85417
1573862400000,179.8,183.37,179.1,182.3,4089620.07835
1573948800000,182.3,186.29,179.93,183.98,7454384.94125
1574035200000,183.98,183.99,173.93,177.95,8754544.92111
1574121600000,177.95,178.24,172.33,175.83,7730858.39641
1574208000000,175.82,177.4,173.13,174.36,7047119.41296
1574294400000,174.36,175.55,154.9,160.84,14670974.52884
1574380800000,160.84,162.64,137.18,149.8,34999808.05998
1574467200000,149.8,154.5,146.21,152.13,15242744.83192
1574553600000,152.14,153.1,138.36,139.85,16908714.35479
1574640000000,139.87,151.66,131.76,145.78,21804372.73297
1574726400000,145.89,149.99,143.52,147.63,9956894.32854
1574812800000,147.63,155.93,140.9,152.97,11832282.07325
1574899200000,153,154.85,149.12,150.89,7504889.80819
1574985600000,150.89,157.89,150.39,154.84,10398810.03943
1575072000000,154.84,155.52,149.89,151.63,8958726.05121
1575158400000,151.57,152.68,145.96,150.98,8708302.6953
1575244800000,151.01,151.64,146.82,148.88,5190028.58236
1575331200000,148.88,150.14,145.63,147.33,5110983.43757
1575417600000,147.34,152.9,143.12,145.55,10398671.10602
1575504000000,145.56,148.97,143.82,148.2,5976078.1622
1575590400000,148.2,149.84,145.9,148.97,4873452.44871
1575676800000,148.97,150.01,147.05,147.31,3464515.14406
1575763200000,147.31,151.9,146.32,150.67,3628795.74449
1575849600000,150.67,151.38,146.73,147.29,5379159.68648
1575936000000,147.28,148.38,143.77,145.47,3330357.01972
1576022400000,145.47,146.22,142,143.2,3286586.23544
1576108800000,143.2,145.72,139.19,144.72,6361613.0837
1576195200000,144.72,145.11,142.73,144.67,2396801.66659
1576281600000,144.67,144.96,141.03,141.68,2797200.59456
1576368000000,141.68,143.96,139.77,142.4,4035347.08488
1576454400000,142.4,142.56,128.37,132.44,10797499.47993
1576540800000,132.44,132.59,119.38,121.73,13561215.51453
1576627200000,121.74,134.9,116.12,132.94,22442268.00919
1576713600000,132.94,134.03,125.64,128.15,15727676.18064
1576800000000,128.15,129.45,125.68,128.29,6160174.31495
1576886400000,128.29,128.42,126.56,127.15,2788890.50479
1576972800000,127.15,133.12,126.97,132.31,7309440.01834
1577059200000,132.32,135.17,125.97,127.79,9599603.86302
1577145600000,127.78,129.53,126.56,127.72,4994425.27738
1577232000000,127.7,127.74,123.08,124.96,6769900.5703
1577318400000,124.96,132.22,124.19,125.48,13726083.25806
1577404800000,125.48,126.75,122.09,126.28,6576478.24605
1577491200000,126.28,129.59,125.89,127.93,4477535.48198
1577577600000,127.93,138.14,127.44,134.34,12740688.84248
1577664000000,134.3,135.94,130.04,131.19,10344962.2968
1577750400000,131.19,133.46,127.71,128.71,8833029.39697
1577836800000,128.71,132.78,128.26,130.31,7184510.69632
1577923200000,130.31,130.4,126.06,126.87,6762499.75217
1578009600000,126.87,135.02,125.62,134.33,16291641.34818
1578096000000,134.21,135.75,132.34,134.15,6562284.70193
1578182400000,134.15,138.17,134.15,135.32,8832745.3169
1578268800000,135.32,145.25,134.83,144.24,18468463.56258
1578355200000,144.24,145.33,138.95,142.96,17468625.80771
1578441600000,142.96,148,137.15,140.61,18401549.25719
1578528000000,140.72,141.46,135.31,137.75,10908780.88443
1578614400000,137.76,145.25,135.14,144.96,13475460.99449
1578700800000,144.98,148.23,142.13,142.51,13626809.46738
1578787200000,142.6,146.69,141.95,146.65,12849746.0371
1578873600000,146.63,147.41,142.18,143.59,11984734.2123
1578960000000,143.62,171.31,143.22,166.01,53531863.60724
1579046400000,165.86,172.08,159.36,166.53,31780098.62413
1579132800000,166.52,167.5,158.55,164.29,22830790.96939
1579219200000,164.34,174.63,162.26,169.73,44474311.40821
1579305600000,169.73,179.35,164.87,174.27,40346433.72076
1579392000000,174.27,178.24,161.71,166.87,43275041.48737
1579478400000,166.85,169.36,161.27,166.58,19843378.14305
1579564800000,166.58,170,164.61,169.3,18475351.16881
1579651200000,169.3,171.22,165.82,167.78,12984955.01131
1579737600000,167.78,167.88,158.51,162.59,15974456.90606
1579824000000,162.59,164.46,155.44,162.5,19944939.11655
1579910400000,162.5,162.57,157.5,160.2,12333520.77866
1579996800000,160.21,167.89,158.9,167.77,11155373.29115
1580083200000,167.77,171.87,165.19,170.02,23601767.03598
1580169600000,170.02,176.73,170.02,176.26,23653425.38496
1580256000000,176.15,178.71,173.24,173.67,19226799.65196
1580342400000,173.65,187.2,170.73,184.89,27151825.18555
1580428800000,184.92,185.94,175.17,179.82,26113776.1748
1580515200000,179.82,184.53,178.13,183.72,20966381.86423
1580601600000,183.72,193.83,178.9,188.45,27044645.42143
1580688000000,188.44,195.55,186.36,189.77,24933365.47442
1580774400000,189.83,191.82,184.78,188.56,17156752.66673
1580860800000,188.58,208.27,187.96,204.37,36029627.6339
1580947200000,204.37,216.63,201.4,213.3,64455049.45912
1581033600000,213.3,224.64,213.3,223.5,39952990.12715
1581120000000,223.51,228.38,213.45,223.71,46153998.64164
1581206400000,223.69,231.38,223.51,229.06,35033788.8502
1581292800000,229.1,230.41,216.59,223.28,31269953.57528
1581379200000,223.24,240.5,218.4,238.18,48330200.70512
1581465600000,238.15,277.34,238.15,266.91,112396851.7653
1581552000000,266.99,278.94,256.22,268.95,105054499.34712
1581638400000,269.05,288.31,260.93,286.47,62576346.49793
1581724800000,286.44,291.26,262.27,265.52,92785935.05752
1581811200000,265.52,274.5,237.69,259.47,111009151.77025
1581897600000,259.25,269.4,242.7,268.63,105431742.26715
1581984000000,268.68,290.35,259.72,284.37,104154240.55539
1582070400000,284.31,287.97,251.22,259.05,100600415.35404
1582156800000,258.79,264.39,245.57,257.79,150565131.50412
1582243200000,257.82,269.14,254.54,265.88,58549528.48714
1582329600000,265.93,267.67,256.4,262.37,59334293.2824
1582416000000,262.32,276.87,260.1,275.61,58582449.27398
1582502400000,275.58,289.55,257.37,266,116947522.14235
1582588800000,266.14,266.65,244.69,246.93,124836711.09857
1582675200000,246.96,250.5,215.78,223.93,199364532.89901
1582761600000,224.18,238.85,210,228.22,222573653.27298
1582848000000,228.2,235.06,213.95,227.75,149849218.03186
1582934400000,227.71,233.93,217.19,217.83,103354968.58005
1583020800000,217.67,228.1,212.13,217.5,191263673.65518
1583107200000,217.57,234.93,215.73,232.29,180441245.98923
1583193600000,232.32,233.12,220.08,223.92,142791696.5363
1583280000000,224.02,228.92,220.38,224.72,119867704.52871
1583366400000,224.72,234.62,224.72,228.99,108250663.9607
1583452800000,228.97,246.18,227.76,245.85,136218233.50887
1583539200000,245.84,253.03,236.68,237.75,118843511.11435
1583625600000,237.75,237.75,195.58,199.81,244706337.06664
1583712000000,199.81,209.22,190.1,203.3,337276454.5072
1583798400000,203.3,207.11,195.78,200.87,157671877.25631
1583884800000,200.91,203.34,181.92,195.02,155466177.92662
1583971200000,195,196,100.1,107.1,642726464.53175
1584057600000,107.29,146.25,84.32,134.95,794614174.59071
1584144000000,135.21,135.29,120.96,122.42,138322176.01154
1584230400000,122.5,134.25,119.73,123.6,116054247.93233
1584316800000,123.53,124,100.45,111.06,155175591.39095
1584403200000,111.09,121.7,109.16,115.89,87643989.66001
1584489600000,115.89,118.91,110.1,118.31,49031547.91351
1584576000000,118.31,144.12,115.67,136.51,159509883.02363
1584662400000,136.51,153.31,114.49,133.48,199671345.48429
1584748800000,133.57,137.5,125.5,132.66,77883777.83534
1584835200000,132.66,137.32,120.76,122.23,54602140.90876
1584921600000,122.21,138.48,114,136.46,131340113.97406
1585008000000,136.37,143.96,132.77,138.68,90673607.18772
1585094400000,138.65,142.56,132.28,135.88,43128302.15132
1585180800000,135.94,140.36,133.19,138.64,25404179.51565
1585267200000,138.66,141.8,128.55,131.16,45139941.36122
1585353600000,131.15,133.13,124.64,131.08,87832334.43839
1585440000000,131.08,132.17,123.69,124.22,39149838.15161
1585526400000,124.25,135.81,123.83,132.34,98804166.85168
1585612800000,132.33,135.4,130.39,132.91,58485251.39174
1585699200000,132.9,137.65,128.5,136,61469034.66216
1585785600000,136.01,150.82,135.46,141.38,98934742.20355
1585872000000,141.36,146.87,137.58,141.33,38924679.27012
1585958400000,141.33,146.7,138.89,144.28,20411110.11503
1586044800000,144.28,145.91,140.74,142.75,19545151.39688
1586131200000,142.77,172.2,142.26,171.34,97975475.9359
1586217600000,171.34,176.75,162.07,164.65,102821032.33371
1586304000000,164.65,174.77,163.66,173.37,70319430.19233
1586390400000,173.37,173.82,165,169.72,59622065.0631
1586476800000,169.68,170.35,152.04,157.95,69063037.09922
1586563200000,157.95,161.42,154.04,158.5,47164540.80051
1586649600000,158.5,165.45,155.19,158.85,38203505.53672
1586736000000,158.84,159.39,147.59,156.68,76792210.90802
1586822400000,156.68,162.12,155.49,158.47,46826523.75983
1586908800000,158.47,161.54,151.85,152.72,55446967.47664
1586995200000,152.72,175.37,148.35,172.51,136146137.76571
1587081600000,172.52,175.09,168.24,170.7,49628871.62462
1587168000000,170.7,189.92,170.57,187.64,72716064.10893
1587254400000,187.64,188.5,176.26,180.11,74008393.46439
1587340800000,180.11,186.82,165.76,170.39,133116978.92551
1587427200000,170.39,174.95,168.34,170.92,63395502.24749
1587513600000,170.92,184.55,169.89,183.05,65237950.1163
1587600000000,183.05,194.9,178.15,185.73,118661202.97063
1587686400000,185.73,190.12,184.8,187.75,69905913.08607
1587772800000,187.75,198.63,185.65,194.38,106463270.56508
1587859200000,194.27,200.39,192.41,197.74,81308348.17934
1587945600000,197.74,199.69,189.5,196.67,83564548.68451
1588032000000,196.67,197.96,192.35,196.56,65801331.99129
1588118400000,196.56,219.9,196.56,215.69,108036676.77654
1588204800000,215.69,227.67,201.95,206.35,139276255.30269
1588291200000,206.35,217.79,206.21,212.48,73296696.30147
1588377600000,212.47,215.92,210.78,214.32,61474921.62881
1588464000000,214.32,219.75,204.79,210.14,71145021.36391
1588550400000,210.14,211.03,195.09,206.93,87090548.11643
1588636800000,206.93,212.31,201.5,205.56,70799388.70881
1588723200000,205.56,211.37,198.11,199.17,73893351.10581
1588809600000,199.17,216.06,196.38,212.71,116402713.12814
1588896000000,212.71,217.21,207.21,211.51,78142863.89385
1588982400000,211.51,214.96,208.5,210.26,46307638.89959
1589068800000,210.26,210.28,178.2,187.66,144321563.49681
1589155200000,187.66,193.47,174.96,185.88,78702727.58925
1589241600000,185.87,192.37,185.54,189.86,50121902.27628
1589328000000,189.8,201.29,188.11,199.82,51017779.49675
1589414400000,199.82,206.33,195.6,203.25,71431370.86725
1589500800000,203.25,204.47,191,194.59,49620754.92662
1589587200000,194.59,203.83,193.11,200.54,47585235.08624
1589673600000,200.54,210,199.61,207.02,49913065.80172
1589760000000,207.02,217.2,207.02,214.74,71811717.16422
1589846400000,214.74,216.04,209.22,214.75,60156714.13024
1589932800000,214.75,215.75,206.01,209.85,49903896.91229
1590019200000,209.85,211.49,191.33,198.54,58144364.35304
1590105600000,198.54,209.27,196.02,207.39,58536592.14795
1590192000000,207.39,211.32,204.48,206.6,37361940.01146
1590278400000,206.6,210.75,199.22,199.62,50068420.80496
1590364800000,199.62,205.79,197.77,204.2,42296613.86388
1590451200000,204.19,205.03,196.52,200.87,39493477.06393
1590537600000,200.87,208.77,200.44,208.45,34402615.07942
1590624000000,208.45,220.86,204.41,220.44,53709548.20025
1590710400000,220.44,225.09,217.68,220.55,59317870.01868
1590796800000,220.55,247.64,218.73,243.89,134540457.92771
1590883200000,243.89,245.42,229.44,231.39,100446290.93601
1590969600000,231.39,252.46,230.51,249.23,107971900.50219
1591056000000,249.23,254.25,224,237.7,96543774.17587
1591142400000,237.7,245.57,233.3,244.89,69965772.65618
1591228800000,244.89,247,236.05,243.36,82303587.03526
1591315200000,243.36,248.41,238.58,240,70092486.51161
1591401600000,240,244.77,237.55,242.21,45557950.45384
1591488000000,242.21,245.64,234.67,244.85,51314050.32141
1591574400000,244.85,248.21,240.64,246.71,45399367.90747
1591660800000,246.71,250.26,238,244.08,45112440.36929
1591747200000,244.08,250.8,241.6,248.06,46950535.16432
1591833600000,248.06,250.49,225.31,230.35,98696795.0377
1591920000000,230.35,239.56,228.15,237.72,65380059.2031
1592006400000,237.72,239,234.68,238.26,36244305.64572
1592092800000,238.26,238.68,229.87,231.75,33956021.2289
1592179200000,231.75,233.73,217.77,231.02,98047443.18038
1592265600000,231.02,236.16,228.8,235.33,51742074.27184
1592352000000,235.33,237.4,227.52,233.7,50838025.80926
1592438400000,233.7,234.75,227.63,231.08,32735907.84555
1592524800000,231.08,231.88,226.18,228.7,43672911.36804
1592611200000,228.7,230.61,225.12,228.83,26382124.97169
1592697600000,228.83,231.38,226.79,227.88,21479717.41958
1592784000000,227.88,247.14,227.32,243.22,98185446.09512
1592870400000,243.22,245.18,240.71,243.11,50216140.18976
1592956800000,243.11,249.4,230.58,234.16,88184450.16065
1593043200000,234.16,235.44,227.06,232.37,51317945.38721
1593129600000,232.37,233.37,227.4,229.48,45755923.32008
1593216000000,229.48,231.14,214.73,220.84,50464591.5476
1593302400000,220.84,227.89,217.75,224.96,38332762.24653
1593388800000,224.96,230.09,221.06,228,41693524.63804
1593475200000,228,228.94,222.94,225.6,30125429.81072
1593561600000,225.6,232.9,224.1,231.23,38282286.53925
1593648000000,231.23,232.2,222.62,226.5,49850184.35889
1593734400000,226.5,228.37,224.19,224.89,30409973.99807
1593820800000,224.88,231,223.99,229.36,21082513.83035
1593907200000,229.36,230.12,223.39,227.78,31181083.27027
1593993600000,227.78,242.33,227.06,241.89,53944563.18303
1594080000000,241.88,243.94,234.53,239.43,49911122.71693
1594166400000,239.43,249.25,237.89,247.25,59230890.73322
1594252800000,247.25,247.84,237.74,242.03,52241768.533
1594339200000,242.03,242.1,235.74,241.42,35161997.44324
1594425600000,241.42,241.87,237.41,239.18,19023333.89469
1594512000000,239.18,244.35,236.4,243,34717116.7049
1594598400000,243,245.59,237.14,239.41,44410470.46374
1594684800000,239.34,242.25,236.75,240.54,36265451.89317
1594771200000,240.54,241.59,236.62,238.51,27112587.13521
1594857600000,238.51,239.42,229.4,233.5,38723018.78327
1594944000000,233.5,234.97,231.7,232.73,22469997.30667
1595030400000,232.73,237.24,232.18,235.79,17665275.14793
1595116800000,235.79,240.1,233.29,239.47,24878139.28383
1595203200000,239.47,240.45,234,235.96,27881335.27706
1595289600000,235.96,247.46,235.52,245.91,49390680.74451
1595376000000,245.91,270.92,241.7,264.75,73421239.01547
1595462400000,264.75,280.91,259.72,275.56,130242261.19196
1595548800000,275.56,288.08,268.23,279.86,124038407.4168
1595635200000,279.86,309.64,279.8,305.85,171175213.79271
1595721600000,305.85,322.07,300.43,311.76,182410858.33047
1595808000000,311.75,335.75,310.9,323.12,259489849.68529
1595894400000,323.12,328.16,306.31,317.74,141395003.95721
1595980800000,317.74,326.26,313.15,318.31,121436003.33232
1596067200000,318.31,343.82,315,335.77,129179686.59035
1596153600000,335.76,350.16,328.45,347,136207432.82312
1596240000000,347,395,343.83,388.3,217758746.11794
1596326400000,388.3,420.87,334.53,372.7,303470720.94687
1596412800000,372.7,398.89,366.49,386.62,178753836.00471
1596499200000,386.62,404.7,380.41,390.31,176081580.77418
1596585600000,390.33,408.13,383.84,401.37,117880786.26129
1596672000000,401.37,404.77,390,395.16,97039787.47492
1596758400000,395.16,398.83,361.39,379.73,135527422.35813
1596844800000,379.73,398.13,376.5,397.98,78278173.26034
1596931200000,397.98,404,382.52,390.65,79260542.50617
1597017600000,390.65,401.22,376,396.16,79015429.11525
1597104000000,396.16,398.99,366.89,378.88,105578083.31983
1597190400000,378.88,389.8,365.81,387.61,85856398.77643
1597276800000,387.61,433.16,376.63,426.13,210487223.37451
1597363200000,426.13,445.53,419,439.24,186560491.02404
1597449600000,439.24,443.99,426.86,433.32,112122080.40546
1597536000000,433.35,437.8,412.05,434.31,150535360.22095
1597622400000,434.31,449,421,432.07,127336284.40998
1597708800000,432.06,434.86,414.05,422.57,80452715.05241
1597795200000,422.57,427.24,393.3,407.87,124619232.77953
1597881600000,407.87,419.62,402.19,416.32,101792922.11061
1597968000000,416.32,419.11,385,388.13,155408018.61844
1598054400000,388.13,397.43,379.77,395.71,130048364.68855
1598140800000,395.71,397.53,383.43,391.17,106891142.65436
1598227200000,391.2,410.66,388,407.99,97392935.56849
1598313600000,407.98,409.86,370,383.14,165702542.38087
1598400000000,383.14,393.56,377.66,386.19,115997186.6234
1598486400000,386.19,397.61,371,383.43,127513017.98792
1598572800000,383.42,399.3,379.89,395.38,89714691.85992
1598659200000,395.23,406.16,392.16,398.74,93199050.3268
1598745600000,398.74,430.29,398.1,429.16,122543342.24749
1598832000000,429.05,439.62,418.24,434.1,166855731.03011
1598918400000,434.1,490,429.69,475.99,304901162.30784
1599004800000,475.82,482.29,412.88,439.46,416183983.48823
1599091200000,439.46,450.75,371.33,381.87,393412482.35918
1599177600000,381.87,400.86,355.2,385.54,293365953.37484
1599264000000,385.54,395.48,307,335.03,473665626.84442
1599350400000,335.03,360.25,316.37,352.87,269679654.27291
1599436800000,352.87,358.59,323.23,353.76,175299152.32452
1599523200000,353.83,356.75,325,337.25,193699416.39916
1599609600000,337.25,359.42,330.53,350.65,198993474.40737
1599696000000,350.64,377.4,350,367.71,215857864.44833
1599782400000,367.71,375.22,355.54,373.87,145375833.79171
1599868800000,373.87,388.31,364.87,388.02,107329081.68158
1599955200000,388.02,390.71,353.01,366.43,144578848.15194
1600041600000,366.32,384.98,355,377.49,166081698.72713
1600128000000,377.49,382.75,362.58,364.13,124160342.58018
1600214400000,364.13,374,355,364.85,155828757.94935
1600300800000,364.85,394.12,362.95,388.86,208013293.85386
1600387200000,388.86,392.3,375,384.18,106455548.23829
1600473600000,384.18,388.52,376.8,385.21,74554561.87367
1600560000000,385.21,385.53,364.37,370.9,85969714.74052
1600646400000,370.9,376.92,330.61,340.26,190816830.43153
1600732800000,340.26,346.91,335.51,344.3,124976606.98334
1600819200000,344.3,345.28,312.83,320.6,148399580.52324
1600905600000,320.59,354.04,316.41,348.86,216085478.42297
1600992000000,348.86,358.16,337.61,352.1,151160562.67624
1601078400000,352.1,356.78,345.96,354.14,88008789.59962
1601164800000,354.14,362.5,347.01,357.56,113877714.31075
1601251200000,357.46,368.39,351,352.97,128434287.6427
1601337600000,352.89,360.64,349.63,359.9,104618205.01233
1601424000000,359.9,361.81,351.22,359.95,75006166.91971
1601510400000,359.95,371.24,345.01,352.37,117400883.88152
1601596800000,352.37,354.21,334.07,345.58,133417565.33387
1601683200000,345.59,351.06,343.5,345.95,51655953.11118
1601769600000,345.95,354.61,343.77,352.41,54881086.52988
1601856000000,352.41,356.74,348.36,353.68,69593260.20226
1601942400000,353.68,355.43,336.45,340.58,120895208.18292
1602028800000,340.58,342.98,332.39,341.59,92341738.05433
1602115200000,341.59,353.9,333.9,351.24,108563626.97497
1602201600000,351.25,368.38,347.24,365.07,114070365.58278
1602288000000,365.07,378.82,364.87,370.75,128749633.68538
1602374400000,370.75,378.13,369.16,374.16,92856408.42553
1602460800000,374.16,396.02,364.54,386.8,154663543.67327
1602547200000,386.8,388.2,374.34,381.12,133682595.04379
1602633600000,381.12,388.53,372.91,378.89,113403682.55773
1602720000000,378.89,382.25,370,378.23,102751746.1573
1602806400000,377.99,380.19,361.1,365.59,132442651.61399
1602892800000,365.59,370.66,363.39,368.49,66148275.52209
1602979200000,368.49,378.9,367.29,378.41,58982953.5334
1603065600000,378.41,384.81,372.72,379.58,101563489.19075
1603152000000,379.58,381.13,365,368.86,134396867.13055
1603238400000,368.86,402.86,367.7,391.48,263811040.4287
1603324800000,391.48,422.39,391.33,414.77,271934607.75637
1603411200000,414.77,419.69,402.03,409.74,172656313.55153
1603497600000,409.82,417.5,407.44,412.54,109024390.03734
1603584000000,412.54,418.18,402.59,406.35,112782251.9727
1603670400000,406.35,411.56,382.1,392.37,222503827.11358
1603756800000,392.33,411.01,390.03,403.55,204615991.04032
1603843200000,403.55,409.73,379.85,388.47,257708631.38002
1603929600000,388.47,394.55,380.84,387.32,143433841.60214
1604016000000,387.32,392.5,373.37,382.78,156949033.44432
1604102400000,382.78,394.43,380.61,386.56,113200152.55
1604188800000,386.49,398.34,384.59,397.18,119150193.32427
1604275200000,397.22,405,378.15,383.51,205463093.21226
1604361600000,383.51,390.94,370.4,388.67,168418792.42559
1604448000000,388.73,409.28,376.84,403.7,241704732.94569
1604534400000,403.56,422.27,395.84,417.41,327509412.2985
1604620800000,417.51,459.46,415.27,456.79,427953737.91042
1604707200000,456.78,469.62,424.12,435.9,488732963.65449
1604793600000,435.9,461.74,432.65,455.18,230606651.76653
1604880000000,455.08,460.27,434,444.88,365321440.41659
1604966400000,444.88,455.92,439.08,450.95,219168521.98836
1605052800000,450.95,478.01,450.01,463.68,431013738.02219
1605139200000,463.68,471.19,452,463.21,291928735.74256
1605225600000,463.21,479,457.33,477.26,249701546.41692
1605312000000,477.26,478.55,452.11,461.2,199932534.93721
1605398400000,461.2,463.5,440.6,448.25,217952640.61819
1605484800000,448.25,466.85,445.74,461.02,219229932.97217
1605571200000,461.02,486.17,460.44,483.35,307082242.81541
1605657600000,483.35,497.02,453.66,479.17,397894489.79886
1605744000000,479.17,481.25,465.35,471.71,175972719.52011
1605830400000,471.71,514.8,471.18,510.48,390477810.05076
1605916800000,510.48,554.73,503,553.78,497094244.84193
1606003200000,553.78,582.91,511.55,561.6,758846199.71145
1606089600000,561.6,612.29,551.6,609.91,813978026.62576
1606176000000,609.91,625.06,587.96,606.23,681510818.22619
1606262400000,606.23,607.19,555.72,569.82,444637893.58005
1606348800000,569.82,577.39,480.52,520.39,1128667682.3353
1606435200000,520.39,531.2,493.46,519.18,354990573.09261
1606521600000,519.18,548.48,507.13,537.96,204998693.60516
1606608000000,537.96,578.39,531,576.99,299915124.67841
1606694400000,576.99,618,571.27,618,478598577.36231
1606780800000,618,638.8,561,585.86,639526448.78543
1606867200000,585.86,606.11,574.47,597.1,374115196.82507
1606953600000,597.1,625.9,586.18,617,313545183.84424
1607040000000,617,621.1,565.5,567.51,380097872.20114
1607126400000,567.51,598.29,561.31,597.32,201578973.6443
1607212800000,597.32,608.28,582.87,602.14,224226021.25321
1607299200000,602.14,603.96,584.44,591.79,178104805.30907
1607385600000,591.79,596.01,548.51,554.68,313387535.24994
1607472000000,554.68,578.26,530.29,573.57,364399961.67358
1607558400000,573.57,576.97,548.5,559.61,297294598.14364
1607644800000,559.59,561.09,535.35,544.52,399709870.54981
1607731200000,544.52,574.72,541.95,568.59,209235798.65567
1607817600000,568.59,596.41,563.55,591,238322911.22288
1607904000000,591,592.41,575.82,586.35,277007415.63223
1607990400000,586.35,598.09,579,589.37,196876685.38037
1608076800000,589.37,641.06,581.2,638.54,487809479.95067
1608163200000,638.54,678.67,626.27,643.8,730517031.81306
1608249600000,643.8,665.93,630.04,655.16,428699539.1523
1608336000000,655.16,672.82,646.64,659.54,334272006.36576
1608422400000,659.54,663,621.71,638.52,357859320.94645
1608508800000,638.52,648.99,595.08,608,540650458.42748
1608595200000,608,639.02,587.74,637.41,411719834.61272
1608681600000,637.41,639.12,550.93,585.3,591194373.78974
1608768000000,585.3,615.25,564.62,612.23,339150598.4094
1608854400000,612.23,634.89,603.91,626.99,279265540.55596
1608940800000,626.99,653.83,615.17,637.49,377934284.93773
1609027200000,637.49,717.6,623.95,685.25,810039859.09535
1609113600000,685.25,748.6,681.92,730.29,717920708.08223
1609200000000,730.29,740.98,689.23,732.91,664305652.93221
1609286400000,732.91,760,716.79,753.67,468474331.39106
1609372800000,753.67,756.99,722,737.14,485932549.65174
1609459200000,737.14,750.8,713.28,730.43,377250475.34734
1609545600000,730.43,790.31,716.42,775.34,770120946.14408
1609632000000,775.09,1022.65,770.54,982.91,2054540132.83688
1609718400000,982.91,1176.14,886.61,1045.45,3175209899.79909
1609804800000,1045.45,1141.33,975.11,1105.28,2212056907.57049
1609891200000,1105.28,1220,1058.1,1214.37,2122049279.88399
1609977600000,1214.37,1297.72,1142.88,1227.77,1814734763.91026
1610064000000,1227.77,1278.92,1061.35,1217.1,1957969503.41358
1610150400000,1217.4,1314.4,1171,1284.6,1440158528.86013
1610236800000,1284.6,1358.9,1167.8,1259.4,1842196292.35466
1610323200000,1259.9,1267.4,913,1088.7,3384964188.97439
1610409600000,1088.6,1154.3,1007.6,1050.5,1301579820.5073
1610496000000,1050.5,1138.7,986.3,1130.9,844425151.7992
1610582400000,1130.9,1248.8,1087,1233,989239775.8626
1610668800000,1233,1258.6,1061.8,1167.6,1414473487.1788
1610755200000,1167.6,1296,1151.3,1229.3,1194723474.9188
1610841600000,1229.3,1271.9,1164.5,1233.9,929488013.6484
1610928000000,1233.9,1265,1181.5,1262.4,793586059.5317
1611014400000,1262.4,1446.8,1255.2,1368,2695107279.65863
1611100800000,1368,1411.5,1233.6,1379.9,1982953973.4304
1611187200000,1379.6,1390.9,1081.5,1108.3,2327435177.3763
1611273600000,1108.3,1275.4,1037.8,1234.6,1815168582.8848
1611360000000,1234.6,1274.8,1197.7,1236.2,806154978.2438
1611446400000,1236.2,1402.7,1223.3,1395.8,1211659135.8995
1611532800000,1395.8,1484.1,1291.1,1317.3,1815684002.9206
1611619200000,1317.3,1379,1244.5,1369,1562467808.4127
1611705600000,1369,1376.8,1203.8,1239.2,1797076276.1746
1611792000000,1239.7,1364.7,1218,1333.2,1031149995.8955
1611878400000,1333.2,1446.6,1285.8,1383.1,1781621615.038
1611964800000,1383.2,1410.5,1327,1382.2,822273105.2995
1612051200000,1382.2,1383.8,1281.6,1313.6,607854054.1495
1612137600000,1313.6,1379.9,1270,1377.1,646631175.1626
1612224000000,1377.1,1554.2,1362.8,1516.9,1820373658.7901
1612310400000,1516.9,1676.3,1511.5,1669.6,1543709140.516
1612396800000,1669.7,1703.2,1556.9,1598.3,1735569505.4552
1612483200000,1598.3,1767.5,1591.8,1722.5,1575303933.3954
1612569600000,1722.5,1750,1647,1681.3,1248719310.8005
1612656000000,1681.3,1696.5,1492,1614.7,1633437358.4764
1612742400000,1614.7,1786.9,1566.3,1760.7,1576455767.8266
1612828800000,1760.7,1832.1,1715.2,1774.6,1453230027.3458
1612915200000,1774.6,1847.8,1681.2,1744.9,1335059467.139
1613001600000,1744.9,1826,1703.1,1790.2,1091523912.5658
1613088000000,1790.2,1876.5,1737.1,1847.4,1309180665.7569
1613174400000,1847.4,1880.9,1764.9,1818.8,1153339578.5575
1613260800000,1818.8,1856.8,1783.6,1803.6,861674307.3536
1613347200000,1803.6,1840.7,1666.2,1782.7,1362193905.3879
1613433600000,1782.7,1832.9,1725.6,1784.1,1098858351.7861
1613520000000,1784.1,1867.8,1735.4,1854.9,1084346950.6833
1613606400000,1854.9,1956,1847.2,1942.2,1190159897.0509
1613692800000,1942.2,1982.1,1893.3,1961,1019055622.6175
1613779200000,1961,2048.7,1800,1914.8,1803815431.779
1613865600000,1914.8,1981.7,1885.5,1937.1,1040197040.95918
1613952000000,1937.1,1939.4,1534.6,1776.9,2620317564.6761
1614038400000,1776.9,1782.5,1350,1579,3512012606.4065
1614124800000,1579.1,1715.2,1488.3,1624.1,1670131826.7907
1614211200000,1624.1,1674.3,1457.8,1482.4,1217357367.6239
1614297600000,1482.4,1563.5,1400,1444.3,1560263654.2415
1614384000000,1444.5,1529.6,1425.7,1460,923151624.1709
1614470400000,1459.8,1470.3,1292.9,1421.5,1526883417.8505
1614556800000,1421.5,1574.3,1412.3,1572.3,1291199885.0782
1614643200000,1572.3,1604.9,1456,1487.1,1131501056.0427
1614729600000,1487.1,1662,1475.5,1568.3,995146358.3428
1614816000000,1568.3,1625.9,1505.6,1540.3,1107677102.7033
1614902400000,1540.3,1551.4,1441.9,1530,1254452220.5126
1614988800000,1530,1674.2,1515,1652.8,1165945497.5435
1615075200000,1652.8,1736.2,1631,1728.2,1063014876.0542
1615161600000,1728.2,1845,1668,1836,1688840797.0109
1615248000000,1836,1875.9,1800.7,1875.9,1218724269.7239
1615334400000,1875.9,1884.6,1761,1796.6,1798832771.0367
1615420800000,1796.6,1852.2,1724.2,1831,1857840603.982
1615507200000,1831,1847.8,1719.2,1767.4,1418348421.2174
1615593600000,1767.4,1949.9,1728.2,1926.8,1402196560.9474
1615680000000,1926.8,1936,1837.3,1851.2,1185893771.2177
1615766400000,1851.2,1897.2,1736,1795.6,1790192568.0128
1615852800000,1795.6,1819,1711.2,1808.7,1369045416.664
1615939200000,1808.7,1842.9,1740,1826.7,1140181917.2465
1616025600000,1826.5,1853.6,1756.5,1775.3,982143101.942
1616112000000,1775.3,1843.9,1731.8,1810.7,833107164.4362
1616198400000,1810.7,1874,1801.7,1807,616643668.0737
1616284800000,1807,1818.4,1745.4,1784.6,790598017.8279
1616371200000,1784.6,1810.4,1654.1,1681.6,999527397.5717
1616457600000,1681.6,1722.5,1652.5,1668.4,1025673548.9874
1616544000000,1668.4,1747,1543.3,1581.5,1521705769.8169
1616630400000,1581.4,1623,1548.5,1588,1700306740.7583
1616716800000,1588,1702.1,1587.9,1700.5,975757857.0771
1616803200000,1700.5,1734.9,1669,1714.5,728309070.0968
1616889600000,1714.5,1727.7,1662.6,1688.1,595224178.4459
1616976000000,1688.1,1845,1679,1820.7,1357048028.2088
1617062400000,1820.7,1864,1788.9,1845.2,1105613533.9406
1617148800000,1845.2,1955.9,1775,1926.9,1700999862.326
1617235200000,1926.9,1990.3,1886,1972,1991136291.9344
1617321600000,1972,2150,1951.6,2138.8,1735393501.8535
1617408000000,2138.8,2145.2,2003,2013.5,1818827679.0095
1617494400000,2013.5,2095.8,1984,2080.3,1465581588.5822
1617580800000,2080.3,2140,2002.5,2111.8,1698219157.6979
1617667200000,2111.8,2160.7,2045.6,2116.3,1941526350.2043
1617753600000,2116.3,2134.6,1934,1964.2,2692275948.8128
1617840000000,1964.4,2087.7,1946.9,2083.4,1560200588.8293
1617926400000,2083.4,2105,2050.9,2067.3,935718831.3622
1618012800000,2067.3,2213,2058,2137.3,1569451075.9037
1618099200000,2137.3,2170,2116.1,2156.1,899276201.8789
1618185600000,2156.1,2211.9,2101.5,2139,1300790161.3811
1618272000000,2139,2323.2,2137,2305.6,1622968370.9281
1618358400000,2305.6,2452.9,2286.8,2440.6,2826055468.2957
1618444800000,2440.6,2552.7,2402.6,2522.9,2604899831.0345
1618531200000,2522.9,2555.7,2300,2429.2,3013471999.4241
1618617600000,2429.2,2499.5,2310.7,2319.2,1784849165.4264
1618704000000,2320.2,2343.5,1900,2240.8,4731937137.168
1618790400000,2240.8,2284.7,2081.6,2164.7,2686535641
1618876800000,2164.7,2355.9,2054.1,2337.1,4134574392.3716
1618963200000,2337.1,2473.9,2238,2360.8,3251670238.9292
1619049600000,2360.8,2648.8,2308,2403.4,7214957325.1448
1619136000000,2403.4,2446,2106,2370.9,5412537618.2183
1619222400000,2370.9,2372.1,2156.2,2216.9,2550679937.1708
1619308800000,2216.9,2360.1,2164,2325.1,2516758853.111
1619395200000,2325.1,2548.2,2308.8,2537.2,2429506196.9418
1619481600000,2537.2,2686.8,2486.4,2671.6,1975036394.0041
1619568000000,2671.6,2765.9,2565,2750.6,3127123215.359
1619654400000,2750.6,2801.8,2671.2,2760.9,2421310063.8635
1619740800000,2760.9,2806.1,2727.1,2775.2,1816903627.6647
1619827200000,2775.2,2959.6,2754,2949,1811991096.078
1619913600000,2949,2987.9,2854.5,2952.9,1711881318.8398
1620000000000,2952.9,3462,2952.9,3433.9,4443478607.6328
1620086400000,3434,3532.9,3133.7,3242.2,9073687211.3514
1620172800000,3242.2,3554.1,3208.6,3532.2,6959779285.3035
1620259200000,3532.2,3620.4,3381,3493,4635671214.4092
1620345600000,3493,3594.6,3352.5,3485.1,2317965414.1282
1620432000000,3485.1,3967,3454.3,3916.2,2964766790.3425
1620518400000,3916.2,3998,3732,3931.7,3470824739.0689
1620604800000,3931.7,4219.8,3690.1,3953.4,6135405761.438
1620691200000,3953.4,4190,3782.7,4183.8,4383814305.0301
1620777600000,4183.8,4387.2,3735,3825,7293059880.036
1620864000000,3826.3,4038.8,3550,3720,8139492884.0654
1620950400000,3720.7,4181,3694.2,4084.1,3986698005.0699
1621036800000,4084.1,4142.6,3636.4,3651.7,4026069910.336
1621123200000,3650.5,3886,3353.5,3585.8,4761038541.3474
1621209600000,3585.8,3589.7,3124.9,3286.1,6708923235.9094
1621296000000,3286.1,3572,3242.2,3379.1,4634614135.1494
1621382400000,3379.1,3448.1,1814.8,2442.1,11822303535.7113
1621468800000,2444.7,2995,2151,2773.6,6027013557.2777
1621555200000,2773.5,2944.7,2105.6,2435.5,5607022652.9623
1621641600000,2435.4,2494,2149.9,2296.1,3253853564.1547
1621728000000,2296.1,2384.6,1730,2099.6,5170928467.6348
1621814400000,2099.6,2677.5,2082.6,2650.8,4358007156.3958
1621900800000,2651.5,2753.1,2384,2708.6,4068657200.0024
1621987200000,2708.8,2915,2647,2888.8,3317909146.1435
1622073600000,2888.8,2893,2632.7,2745.6,2520177495.0855
1622160000000,2745.6,2764.9,2325,2411.9,3307153814.7603
1622246400000,2411.9,2575.6,2210,2279.9,2824907574.162
1622332800000,2279.9,2479.9,2181,2388,2000593146.315
1622419200000,2388,2723.6,2275,2708.5,2760612076.8238
1622505600000,2708.5,2744.7,2525,2636,2592384554.9928
1622592000000,2636,2805.5,2550.3,2707.1,2476067062.7029
1622678400000,2707.1,2891.5,2661.1,2857,2510397799.1577
1622764800000,2857,2860,2550,2691.5,3448464235.4996
1622851200000,2691.5,2818.2,2550,2629.5,2605883834.6855
1622937600000,2629.5,2747.5,2614.4,2712.6,1559662173.4842
1623024000000,2712.6,2850.8,2566.7,2593.1,3001327591.6793
1623110400000,2593.1,2626.7,2308.7,2509.4,3796257121.7505
1623196800000,2509.4,2630,2402.8,2612.5,2487817919.4974
1623283200000,2612.5,2627.2,2425.6,2472.3,1697285699.2962
1623369600000,2472.3,2499.4,2320,2354.5,1647997215.3704
1623456000000,2354.5,2454,2257.1,2371.2,1367662137.2355
1623542400000,2371.2,2550.9,2308.2,2510.5,1651570016.3986
1623628800000,2510.5,2609.7,2463,2582.4,1329886056.0703
1623715200000,2582.4,2642.2,2507.5,2543.9,1429218853.0601
1623801600000,2543.9,2556,2348,2365.8,1605677837.3808
1623888000000,2365.8,2460,2303.7,2371.5,1474856371.168
1623974400000,2371.5,2375.7,2136.8,2231.8,2187328477.9337
1624060800000,2231.8,2277,2160,2162.7,2008718732.9427
1624147200000,2162.7,2276.8,2039.6,2243.5,2302310763.8222
1624233600000,2243.5,2259.9,1864.6,1885,4269112938.0388
1624320000000,1884.6,1997.4,1700.5,1879.8,3190609790.2016
1624406400000,1879.8,2044,1822.4,1967.7,1826893590.9791
1624492800000,1967.7,2037.2,1884.6,1989.6,1245427684.6846
1624579200000,1989.6,2020.1,1788.8,1808.2,1953184518.0295
1624665600000,1808.2,1852.5,1714.9,1829,1637157862.3115
1624752000000,1828.9,1985.5,1803.4,1982.7,1385528601.9652
1624838400000,1982.7,2147.3,1962.1,2084.2,2203880296.0983
1624924800000,2084.2,2244.6,2073.8,2164.5,1589859216.2363
1625011200000,2164.4,2290,2088,2276.3,1961626301.1402
1625097600000,2276.3,2277.1,2070.3,2105.6,1685576281.0309
1625184000000,2105.6,2160.5,2014.5,2154.3,1538499474.3115
1625270400000,2154.3,2240.4,2111.9,2228.2,1292284858.2615
1625356800000,2228.2,2389,2188.6,2323.2,1309977889.7879
1625443200000,2323.2,2324.6,2155.4,2195.2,1808975565.2978
1625529600000,2195.3,2351.9,2192.6,2323.3,1790908169.4189
1625616000000,2323.3,2411,2292.1,2315.8,1313261170.6314
1625702400000,2315.8,2325.3,2083,2114.7,1792031220.2718
1625788800000,2114.7,2190,2046,2147.8,1723425451.6931
1625875200000,2147.8,2197.7,2071.9,2110.8,1080032671.1189
1625961600000,2110.8,2174,2080.7,2140.3,935111415.8382
1626048000000,2140.3,2168.3,2003.9,2031.3,1147447804.1962
1626134400000,2031.2,2050,1915.6,1939.9,1392285552.3831
1626220800000,1939.9,2018.4,1863,1995,1213676076.0515
1626307200000,1995,2042.6,1879.8,1918.8,1168026937.4552
1626393600000,1918.8,1966,1847.2,1876.4,1440804571.0591
1626480000000,1876.5,1921,1843,1899.7,1066831261.3718
1626566400000,1899.5,1996.6,1872.6,1890.7,1278969822.0463
1626652800000,1891,1918,1801,1818.6,1170808783.5541
1626739200000,1818.6,1841.6,1717,1785.8,1617639133.8736
1626825600000,1785.9,2040,1753,1995.8,3079010198.9758
1626912000000,1996.5,2047.7,1949,2025.1,1765843739.7246
1626998400000,2025.1,2133.4,1995,2125.8,1375562015.2022
1627084800000,2125.8,2201.9,2106.8,2186.1,1244450948.2787
1627171200000,2186.1,2199.9,2107.2,2191.6,1116213786.6899
1627257600000,2191.6,2435.7,2173.5,2228.9,2756624725.2947
1627344000000,2228.9,2320.6,2152.5,2300.9,1849438105.1321
1627430400000,2300.9,2348.4,2243.4,2300.6,1237427252.8539
1627516800000,2300.7,2415.8,2265.7,2384,914287502.6443
1627603200000,2384,2479.6,2318,2464.1,1653455412.0345
1627689600000,2463.9,2556.4,2422.6,2533.7,921177684.9484
1627776000000,2533.6,2701.1,2515,2555.7,2049970042.8392
1627862400000,2556.5,2666.3,2506.7,2608,1860112537.9524
1627948800000,2608,2633.2,2440,2506.1,2047403186.6655
1628035200000,2506.1,2775,2455.1,2725.6,2331009515.8979
1628121600000,2725.6,2848.4,2525,2828.9,3379525278.9486
1628208000000,2828.9,2950.5,2721,2893.1,2208755568.9276
1628294400000,2893,3178.2,2865.3,3164.8,2858613508.8178
1628380800000,3164.8,3195.7,2950.1,3012.8,2639322310.4497
1628467200000,3012.8,3194.5,2891,3163,3182261306.2279
1628553600000,3163,3239.5,3051.4,3143.4,2534424446.5156
1628640000000,3143.4,3279,3120.7,3161,2608489892.2237
1628726400000,3161,3241.5,2981.7,3047,2236616650.0729
1628812800000,3047,3333,3034.9,3326.1,2165109232.0937
1628899200000,3326.1,3338.2,3205.6,3268.4,1524166014.7239
1628985600000,3268.4,3326.9,3109.2,3315.4,2025441581.8209
1629072000000,3315.4,3348.4,3133,3146,2400137419.1593
1629158400000,3146,3300,2990.6,3011.9,3306783351.2584
1629244800000,3011.9,3127.6,2943.8,3014.2,2180724323.1689
1629331200000,3014.2,3194.2,2958.1,3188.5,2191984347.5728
1629417600000,3188.6,3305.7,3181.2,3287.8,1860276863.8413
1629504000000,3287.8,3315,3206.9,3226.9,1376963909.4118
1629590400000,3226.8,3277.6,3126.2,3243.4,1249085405.1359
1629676800000,3243.4,3384,3234,3324.1,2165792672.4281
1629763200000,3324.1,3363.9,3139.6,3170.7,2190695956.9596
1629849600000,3170.7,3250.7,3074.9,3228.7,1806976408.9623
1629936000000,3228.7,3252.4,3051.2,3093.6,1776467671.3424
1630022400000,3093.6,3285.6,3062.5,3277.4,1781318137.3765
1630108800000,3277.4,3289.2,3211,3249,945540169.5294
1630195200000,3249,3291.7,3153,3227.6,1307392692.1021
1630281600000,3227.6,3350,3140,3229.1,2330988177.1984
1630368000000,3229.2,3481.4,3186.9,3432.7,3936051837.2975
1630454400000,3432.7,3849,3379.4,3833.8,3578290599.9131
1630540800000,3833.7,3844.3,3725.9,3791,2436787901.8406
1630627200000,3791,4035.6,3712.7,3942.8,3317461880.9851
1630713600000,3942.8,3974.1,3833.4,3889,1622498714.6114
1630800000000,3889,3990,3835,3954.4,1484541393.8747
1630886400000,3954.4,3978.1,3864,3930.1,1592525154.8216
1630972800000,3930.1,3952.5,3010.3,3436,5718028931.2369
1631059200000,3435.9,3563.2,3216.7,3499.9,3222295197.294
1631145600000,3499.9,3571.1,3389.2,3423.4,2133031843.2988
1631232000000,3423.4,3516.6,3141.5,3208,1907565789.8153
1631318400000,3208,3348.4,3198.2,3266.1,1402384742.4107
1631404800000,3266.3,3477.2,3230,3404.6,1423604591.7216
1631491200000,3404.6,3432.1,3105.5,3285.2,2643639480.7428
1631577600000,3285.2,3440,3269.5,3436.4,1380336086.2239
1631664000000,3436.5,3620,3358.7,3617.8,1597072144.6195
1631750400000,3617.9,3680,3482,3570.1,2297709625.6497
1631836800000,3570.1,3596.5,3340.2,3398.6,1602047721.1926
1631923200000,3399.1,3543,3368.7,3434.9,1126673716.4002
1632009600000,3434.9,3458.6,3276.5,3329,1118540796.4373
1632096000000,3329,3347.5,2910.3,2977.3,3378316584.2471
1632182400000,2977.3,3109.2,2636.3,2764.8,4118487899.3955
1632268800000,2764.8,3090.6,2736.2,3079.5,2537549824.1124
1632355200000,3079.5,3175.9,3034.5,3153.5,1754471532.4292
1632441600000,3153.5,3160.7,2725.9,2930.2,3717038192.8299
1632528000000,2930.2,2970.8,2788.4,2923.9,2459888232.8363
1632614400000,2923.8,3119.8,2737.5,3061.9,2446593027.2543
1632700800000,3061.9,3169.2,2923.3,2925.7,2171742098.6885
1632787200000,2925.7,2972.1,2785,2803.7,2492653937.2768
1632873600000,2803.7,2949.9,2779,2849.2,1547999903.6745
1632960000000,2849.1,3051.8,2835.7,2999.8,1976773326.6115
1633046400000,2999.9,3334.9,2968.3,3311.6,2046093404.8313
1633132800000,3311.6,3477.2,3259.3,3390,1227053606.3451
1633219200000,3390,3497,3345.9,3420.2,1286860916.8705
1633305600000,3420.1,3441,3271.5,3387.1,1766831295.2782
1633392000000,3387.1,3550,3364.4,3518.8,1295052504.929
1633478400000,3518.6,3636.8,3341.7,3577.3,2072076390.7155
1633564800000,3577.3,3660.2,3471,3590.7,1882073684.9041
1633651200000,3590.7,3680,3525.2,3564,1644819957.7919
1633737600000,3564,3637.1,3537.6,3577.6,751307377.5599
1633824000000,3577.5,3608.6,3389.7,3413.3,1595944837.0492
1633910400000,3413.3,3630,3369,3542.8,1852620823.9132
1633996800000,3542.9,3550,3403.3,3492.9,1934321283.6337
1634083200000,3492.9,3618.6,3408.1,3611.2,1849600303.8234
1634169600000,3611.3,3828.2,3590.6,3794.1,1712298370.3416
1634256000000,3794.1,3913.9,3737.6,3871.7,1910517927.3481
1634342400000,3871.7,3975.4,3802,3832.7,1473178763.4647
1634428800000,3832.7,3924,3640.4,3851.1,1690058466.4467
1634515200000,3851.1,3898,3675.4,3747.6,1827979253.8074
1634601600000,3747.6,3892.2,3733.4,3881.4,1792127245.9811
1634688000000,3881.4,4174.3,3828.4,4167.1,2265095326.7752
1634774400000,4167.1,4388,4014.2,4055.5,4294669324.6974
1634860800000,4055.4,4173.3,3891.6,3974.2,2454494262.6266
1634947200000,3974.2,4176.9,3937.8,4171.4,1617193845.4549
1635033600000,4171.4,4191.5,3962.1,4084.3,1789381655.747
1635120000000,4084.3,4240.5,4069.9,4223.7,1670432240.5209
1635206400000,4223.7,4304.7,4087.3,4131.6,2196808495.1117
1635292800000,4131.5,4320.4,3905,3922.6,4504230399.465
1635379200000,3922.6,4300,3888,4289.7,3455427350.6938
1635465600000,4289.7,4467.8,4270.2,4421.8,3099176259.888
1635552000000,4421.8,4439.5,4233.3,4325.5,1600828509.8116
1635638400000,4325.6,4399,4162,4291.1,1956067675.6084
1635724800000,4291.1,4389,4141.3,4323.6,2882221340.3442
1635811200000,4323.6,4609.1,4288.1,4598.2,2554294877.4419
1635897600000,4598.2,4679.8,4455,4609.2,2415656711.785
1635984000000,4609.2,4614.1,4423,4537.7,2282312661.9976
1636070400000,4537.7,4580.3,4445.5,4479.1,1679026185.3907
1636156800000,4479.1,4538.8,4329.2,4524.7,2050589967.4045
1636243200000,4524.7,4645,4508.2,4618.2,1334014752.8818
1636329600000,4618.2,4833.2,4617.2,4816.3,2203516646.9794
1636416000000,4816.3,4849,4709.9,4732.9,2160521255.3764
1636502400000,4732.9,4875.4,4457.2,4634,3482196658.0654
1636588800000,4634,4791.5,4580.8,4719.9,2265947289.932
1636675200000,4719.9,4813.1,4508.6,4667.8,3302332223.0491
1636761600000,4667.8,4710.3,4585.1,4645.5,1634862285.2693
1636848000000,4645.5,4700.7,4517,4630.8,1914769507.5111
1636934400000,4630.8,4772.3,4541,4564.3,2517705712.3411
1637020800000,4564.3,4564.3,4090.3,4209.3,5350331550.6366
1637107200000,4209.3,4302.8,4062.6,4290.3,3333603421.9335
1637193600000,4290.4,4346.4,3959.8,3999.1,4841337354.0984
1637280000000,3999.1,4313.1,3974.9,4297.2,2970274545.8785
1637366400000,4297.2,4438.9,4204.9,4414.9,1956459823.2773
1637452800000,4414.9,4428.1,4244.8,4260.9,1584932387.3523
1637539200000,4261.3,4329.7,4013.7,4088.4,3980965076.0311
1637625600000,4088.4,4388,4060.2,4342.4,3570686519.8794
1637712000000,4342.4,4379.7,4168,4273.2,3098759305.2048
1637798400000,4273.2,4561.1,4250.3,4528.8,2517880642.0673
1637884800000,4528.8,4555.9,3898,4043,5721154057.1534
1637971200000,4043.7,4185.7,4030,4097.6,1881281968.8664
1638057600000,4097.2,4303.9,3959.4,4299.5,2858134441.7414
1638144000000,4299.6,4464.9,4281.8,4450.5,3103645775.1897
1638230400000,4450.5,4760.8,4351,4634.2,5390080191.4979
1638316800000,4634.2,4787.7,4528,4588.7,4063479795.8559
1638403200000,4588.7,4642,4435.6,4516.7,4243095461.0464
1638489600000,4516.7,4667.3,4012.9,4216.8,4865778299.6199
1638576000000,4216.9,4239.5,3456.1,4124.6,6630989966.3991
1638662400000,4124.6,4257,4033.1,4201.4,3565154701.3347
1638748800000,4201.4,4385.2,3922.8,4356.1,6025733747.9769
1638835200000,4356.1,4431.9,4260.4,4310.8,2771354371.6544
1638921600000,4310.8,4460.5,4217.9,4443.4,2701661127.3184
1639008000000,4443.4,4495.5,4077.2,4104.7,3670691065.7252
1639094400000,4104.7,4248.5,3885,3897.9,4525256762.2937
1639180800000,3898.6,4100,3823,4093.1,3463419235.6957
1639267200000,4093.1,4178.5,3987.7,4133.2,1523483365.7715
1639353600000,4133.2,4146,3665.3,3783.3,4363706746.8711
1639440000000,3783.3,3886.1,3682.8,3861.9,2701904407.9665
1639526400000,3861.9,4099,3640,4022,4471249493.8778
1639612800000,4022,4116.3,3952.5,3959.5,3069375947.4311
1639699200000,3959.5,3995,3688.5,3876.6,3743062008.2627
1639785600000,3876.6,4000,3766.6,3961.4,2576695135.3016
1639872000000,3961.4,4044.8,3884.3,3926.1,2213138287.2384
1639958400000,3926.1,3985.7,3750,3949.7,3186395633.067
1640044800000,3949.7,4068.2,3915.1,4017,2032894225.7941
1640131200000,4017.1,4079.6,3930,3980.9,2001834304.4257
1640217600000,3980.9,4156.4,3892,4116,2970188762.4043
1640304000000,4116,4139,4017,4047.9,1780198007.9384
1640390400000,4047.9,4149.6,4020.8,4099.4,1498552003.148
1640476800000,4099.4,4109.4,4003.7,4066.8,1095775815.3373
1640563200000,4066.8,4132.4,4033,4040.5,1128366422.0026
1640649600000,4040.5,4040.5,3759.3,3793.2,2821427473.4432
1640736000000,3793.2,3827.4,3602.2,3629.5,1958583353.5842
1640822400000,3629.5,3768.9,3580.1,3709.7,1643619135.7675
1640908800000,3709.7,3821.4,3621.9,3677.9,1855796600.8786
1640995200000,3677.9,3777.1,3675.5,3766.1,1011424554.1248
1641081600000,3766.1,3862.5,3717.6,3829.1,1051207952.7897
1641168000000,3829.1,3873.5,3679.5,3765,1296054775.5553
1641254400000,3765,3901.4,3713.4,3785.7,2407390810.5048
1641340800000,3785.7,3849.4,3399,3539.6,2676770769.7566
1641427200000,3539.4,3551.7,3292.8,3405.7,2795549674.5427
1641513600000,3405.7,3415.5,3058,3198,3813257419.309
1641600000000,3198,3247.8,2992.1,3079.6,2031573676.5971
1641686400000,3079.6,3210.8,3057.6,3151.7,1340756995.6762
1641772800000,3151.6,3184.7,2927.8,3082.7,2971175135.743
1641859200000,3082.7,3265,3051.7,3238.9,1787258688.9147
1641945600000,3238.9,3413,3203,3372.2,2157382971.9412
1642032000000,3372.2,3412,3231.9,3241.1,1521500182.1367
1642118400000,3241.1,3347.3,3187.8,3309.4,1472951465.3434
1642204800000,3309.4,3375.9,3262.1,3327.8,900043822.1642
1642291200000,3327.8,3396,3273.1,3348.7,1026555088.767
1642377600000,3348.7,3359.5,3130,3211.3,1403512706.3659
1642464000000,3211.3,3246.3,3082,3161.1,1729068729.9211
1642550400000,3161.1,3177,3041.4,3084,1981500403.2138
1642636800000,3083.9,3274.7,2981.9,3000.2,2003136451.752
1642723200000,3000.2,3033,2455.3,2569.2,5593833088.5017
1642809600000,2569.2,2626.8,2297.2,2412.8,5110144359.4072
1642896000000,2412.8,2552,2371.2,2541.5,2169110051.7406
1642982400000,2541.5,2542.6,2158.9,2440.3,4820872309.2261
1643068800000,2440.4,2509.8,2351.3,2459.4,2293518506.092
1643155200000,2459.4,2723.8,2402.4,2463.1,3234480965.41
1643241600000,2463.1,2522,2316.6,2425,2399793585.995
1643328000000,2424.9,2559.8,2358.7,2546.5,2255102113.0793
1643414400000,2546.5,2640,2520.3,2602.3,1545372377.6708
1643500800000,2602.3,2644.2,2543.1,2602.8,1185308560.577
1643587200000,2602.9,2709.3,2476,2688.3,2267231009.9205
1643673600000,2688.3,2818.8,2675.5,2789.3,2156576917.5229
1643760000000,2789.3,2813.4,2610.1,2680.8,2369127224.2907
1643846400000,2680.8,2724.8,2576.2,2697,2063004332.2656
1643932800000,2697,2999,2672,2998,3250848872.7723
1644019200000,2998,3063.4,2960,3014.8,1692416594.0027
1644105600000,3014.8,3079.1,2950,3057,1191703821.2797
1644192000000,3057.2,3189.2,2993.3,3141.9,2338743209.72
1644278400000,3141.9,3234.3,3026.4,3119,2969959886.3504
1644364800000,3119.1,3273.2,3056.5,3246.5,2047522349.5007
1644451200000,3246.5,3287.4,3058.3,3074.3,3437607807.3495
1644537600000,3074.3,3141.9,2880,2928.9,2917721901.5308
1644624000000,2928.9,2988,2852,2920.4,1700405613.0989
1644710400000,2920.4,2955.4,2834.9,2872.8,1299091069.5505
1644796800000,2872.8,2969.2,2830.4,2931.5,1893520321.9566
1644883200000,2931.5,3202.5,2914,3187.8,2097085272.3551
1644969600000,3187.8,3192,3042.8,3124,1878686078.9778
1645056000000,3124,3161.8,2853.6,2893.4,3057198816.1306
1645142400000,2893.4,2945.5,2751.8,2780.1,2092882123.7192
1645228800000,2780.1,2834,2696.4,2764.3,1382302680.7272
1645315200000,2764.3,2765.1,2575,2622.6,2147416849.6947
1645401600000,2622.6,2760,2555.9,2570,3506501991.325
1645488000000,2570,2667,2497.7,2637.1,2873556670.7599
1645574400000,2637.4,2754.5,2575.1,2579.3,2698349335.9857
1645660800000,2579.3,2742.9,2301.3,2597,6386545835.7207
1645747200000,2597,2839.9,2573.4,2768.9,3616025910.7897
1645833600000,2768.9,2886.9,2729.2,2780.9,1984947945.2298
1645920000000,2780.9,2836.7,2557.4,2617.9,3147565889.6566
1646006400000,2617.5,2955.6,2567.5,2922.1,3448412277.4233
1646092800000,2922.1,3040,2852.5,2978.2,3175915053.0031
1646179200000,2978.2,3048,2914.7,2949.5,3010380983.4891
1646265600000,2949.5,2972,2786.9,2834,2209031516.1313
1646352000000,2834,2836.5,2572.8,2622.2,2568920697.556
1646438400000,2622.2,2685.6,2590,2664.8,768690581.3548
1646524800000,2664.8,2676.5,2533,2550.7,1107485316.5181
1646611200000,2550.7,2649.7,2444.4,2490.9,2035219919.9691
1646697600000,2490.9,2625.2,2479,2576.7,2158388034.6543
1646784000000,2576.7,2774.4,2567.3,2728.2,2025150319.1789
1646870400000,2728.2,2735.2,2551,2607.2,1860684364.8116
1646956800000,2607.2,2678.7,2522.6,2557.6,1819425568.2947
1647043200000,2557.6,2615.3,2553,2568.4,712037062.842
1647129600000,2568.4,2604.5,2491.2,2515,930559191.2353
1647216000000,2515,2610.9,2498.3,2590.5,1437446922.1377
1647302400000,2590.5,2671,2508.3,2619.9,1898312976.3057
1647388800000,2619.9,2796.5,2604.7,2776,2816668348.7125
1647475200000,2776,2838.3,2748.2,2813.6,1340882420.1499
1647561600000,2813.6,2987.3,2768.2,2940.9,2052402948.8808
1647648000000,2940.9,2988.6,2895.4,2952.8,991244347.8967
1647734400000,2952.8,2966.8,2820,2863,1367145954.5313
1647820800000,2863,2963,2831.2,2890,1636183878.7376
1647907200000,2890,3055.5,2886.9,2970.3,1931025660.1826
1647993600000,2970.3,3046.7,2920,3038.5,2146315919.6129
1648080000000,3038.5,3132.5,3002.8,3113.5,2434073915.9899
1648166400000,3113.5,3197.2,3077.1,3103.7,2351061298.138
1648252800000,3103.7,3156.6,3086.2,3146.5,823965039.6549
1648339200000,3146.5,3302.6,3127.4,3297.5,1330250851.495
1648425600000,3297.5,3431.8,3277.2,3335.3,2559007618.712
1648512000000,3335.3,3484.6,3332.1,3402.4,2551511194.0182
1648598400000,3402.4,3448.8,3334.4,3386.3,1781032623.4598
1648684800000,3386.3,3447.9,3263.2,3283.9,2467673600.1744
1648771200000,3283.9,3486,3212.3,3457.5,2821235523.162
1648857600000,3457.5,3533.7,3432.8,3446,2097608186.7896
1648944000000,3446,3583.6,3414.6,3522.9,1693272258.966
1649030400000,3522.9,3550.3,3407.8,3521.7,2125159164.1316
1649116800000,3521.7,3557.5,3394.9,3406.5,2018105654.477
1649203200000,3406.5,3407,3161,3167.9,3595810175.0958
1649289600000,3167.6,3268.5,3142.5,3225.9,2033326450.4305
1649376000000,3225.6,3314.8,3173.4,3192.9,2444040969.8802
1649462400000,3192.9,3270,3181.8,3259.9,883528893.2558
1649548800000,3259.9,3310.1,3190,3201,1251509244.0224
1649635200000,3201,3213.6,2947.6,2980,3382382539.8795
1649721600000,2979.9,3085.2,2950,3027.6,2382812274.8432
1649808000000,3027.6,3129.8,2997.8,3117.9,2061928149.3282
1649894400000,3117.9,3147.6,2974.2,3021.2,1753144301.3754
1649980800000,3021.2,3065,2992.6,3040.6,1008448840.6061
1650067200000,3040.6,3087.9,3010.4,3060.1,631595477.1147
1650153600000,3060.1,3083,2981.8,2987.2,1145429852.5078
1650240000000,2987.2,3070,2880,3056.3,2006182290.5023
1650326400000,3056.3,3133,3029.3,3102,1407548154.5052
1650412800000,3102,3170,3036,3075.8,1873602023.4206
1650499200000,3075.8,3186,2936.7,2982.7,2388025160.7837
1650585600000,2982.7,3034.7,2933,2962,1689603838.4894
1650672000000,2962.1,2978.9,2912.9,2932.7,772552409.4294
1650758400000,2932.7,2968.7,2912,2921.2,962847233.922
1650844800000,2921.2,3030,2794.8,3008.1,2929721486.1024
1650931200000,3008.1,3041.1,2765,2808.9,2175427977.7284
1651017600000,2808.9,2919.8,2793,2889.4,2031054416.7639
1651104000000,2889.4,2982.1,2854.8,2936.6,2353676821.2414
1651190400000,2936.6,2947.2,2775.6,2816.3,1715079102.0827
1651276800000,2816.3,2842.4,2714,2726.2,1005250765.8111
1651363200000,2726.2,2850.4,2716.1,2824.8,1287954386.4461
1651449600000,2824.8,2883.8,2767.2,2856.4,1978983354.8271
1651536000000,2856.4,2861.5,2754.2,2780.8,1408855520.2863
1651622400000,2780.8,2966.7,2770.1,2940.4,2216254436.1439
1651708800000,2940.4,2955.9,2686,2747.1,2692494326.0266
1651795200000,2747.1,2757,2632,2692.3,2444300556.3019
1651881600000,2692.3,2704.9,2585.1,2636.1,1125779186.3439
1651968000000,2636.1,2642.4,2482.5,2519.7,2483224388.3582
1652054400000,2519.7,2530.6,2223.5,2228.3,5047606675.3356
1652140800000,2228.4,2456,2198.5,2341.4,4091121408.7235
1652227200000,2341.4,2455.8,2000,2079.9,6051976147.298
1652313600000,2080.7,2198,1701.2,1955.1,4837703315.2374
1652400000000,1955.1,2145.5,1935.6,2006.4,2512861046.4618
1652486400000,2006.4,2066,1948,2053.5,1468614162.9053
1652572800000,2053.5,2164.9,1997.6,2143.1,1231193564.5868
1652659200000,2143.1,2143.2,1976,2021.8,2179563722.1847
1652745600000,2021.8,2120.9,2005.5,2088.9,1684036644.5974
1652832000000,2088.9,2109.6,1905.5,1912.9,1755339661.3823
1652918400000,1912.8,2038.9,1900.3,2018.1,2183756506.8093
1653004800000,2018.1,2064.2,1919.8,1957.4,1827459871.9527
1653091200000,1957.4,1989.2,1934.9,1972.9,776132361.8883
1653177600000,1972.9,2056,1963.9,2041.9,976959965.1642
1653264000000,2041.9,2088,1953,1971,1949423974.8348
1653350400000,1971,1992.9,1910.5,1977.9,1820101929.0687
1653436800000,1977.8,2020.8,1930.4,1940.7,1602758603.3027
1653523200000,1940.7,1964.2,1731,1789.8,3190265968.4869
1653609600000,1789.8,1822.3,1701.7,1725.8,3488145625.3747
1653696000000,1725.8,1810,1720.3,1790.6,1552241826.2858
1653782400000,1790.6,1826.8,1755.3,1811.5,1044129693.05
1653868800000,1811.5,2013.7,1801.3,1998.7,2713998512.5935
1653955200000,1998.7,2015.7,1922,1940.7,2052386898.253
1654041600000,1940.7,1972,1760.7,1815.4,2905795760.6934
1654128000000,1815.4,1852.2,1780,1833.2,1651997402.2374
1654214400000,1833.2,1842.8,1733.3,1773.6,1608806805.7776
1654300800000,1773.6,1814.9,1746.5,1803,654400195.4618
1654387200000,1803,1829.5,1771.1,1804.9,706800608.0489
1654473600000,1804.9,1920.8,1803,1858.1,2019896032.5741
1654560000000,1858.1,1874.2,1722.6,1812.2,2588803673.2734
1654646400000,1812.2,1838.3,1763.7,1790.3,1720538128.2158
1654732800000,1790.3,1832.8,1775.1,1787.3,1261117059.7608
1654819200000,1787.3,1804,1652.9,1660.8,2682344411.598
1654905600000,1660.8,1680.5,1497.5,1531.6,2638187357.9191
1654992000000,1531.6,1545.8,1425,1432.7,2783254704.9398
1655078400000,1432.7,1453.7,1161,1207.8,7846274954.6929
1655164800000,1207.8,1271.1,1073.4,1207.5,4911899698.1221
1655251200000,1207.5,1248,1008,1235.8,6002642695.0765
1655337600000,1235.8,1257.6,1050,1066.6,2857676644.7892
1655424000000,1066.6,1117.4,1048.5,1085.1,2020481739.0348
1655510400000,1085.1,1096.2,878,993.5,3138251862.9014
1655596800000,993.5,1158.1,933.8,1127,3266465942.9638
1655683200000,1127,1170.6,1049.8,1126.8,2792744879.6655
1655769600000,1126.6,1192.8,1107.8,1125.5,2098913521.7109
1655856000000,1125.5,1126.3,1042.3,1048.6,2115982790.1577
1655942400000,1048.6,1154.6,1043.4,1143,1961777256.0667
1656028800000,1143,1244.7,1130.3,1223.9,2224485807.6809
1656115200000,1223.9,1256.5,1179,1241,1418134533.6456
1656201600000,1241,1284.3,1189.5,1196.6,1533031382.0489
1656288000000,1196.6,1238.5,1172.6,1190.6,1726820834.427
1656374400000,1190.6,1236.8,1134,1142.2,1846425205.3647
1656460800000,1142.2,1155.4,1085.2,1098.6,1745528897.9683
1656547200000,1098.6,1105.4,994.4,1070.5,2349727571.3605
1656633600000,1070.6,1116.1,1031.8,1058.1,2055756017.5371
1656720000000,1058.1,1078.2,1025.7,1065.6,984196872.1109
1656806400000,1065.6,1086.8,1039.2,1072.8,864636000.677
1656892800000,1072.8,1159.8,1043.7,1149.3,1594553203.3428
1656979200000,1149.3,1174.3,1075,1131.6,2016713315.4898
1657065600000,1131.6,1204.6,1110.1,1185.6,1762259588.7418
1657152000000,1185.6,1255.6,1162.2,1237,1587868539.6496
1657238400000,1237,1277.7,1191.6,1212.8,2190600020.6348
1657324800000,1212.8,1232.5,1203.5,1216.2,1006243659.668
1657411200000,1216.2,1219.2,1152,1167.4,1120708759.3728
1657497600000,1167.4,1170.6,1090.5,1095.2,1427868175.3477
1657584000000,1095.2,1097.2,1032,1037.2,1639436448.3199
1657670400000,1037.2,1118,1001.8,1113.9,2822244462.9989
1657756800000,1113.9,1213.8,1069.5,1192.6,2719934211.6451
1657843200000,1192.6,1290,1180,1230.7,2592963342.0817
1657929600000,1230.7,1428.9,1191,1355.4,2978884923.382
1658016000000,1355.4,1387,1317.2,1338,2383526700.2686
1658102400000,1338,1600.4,1335.3,1582.4,4918799445.2333
1658188800000,1582.5,1632.9,1492.8,1542.6,4551664684.5478
1658275200000,1542.6,1624.3,1482.3,1522.1,3494605785.4719
1658361600000,1522.1,1607.9,1464.1,1575.8,2770752736.2032
1658448000000,1575.8,1647.9,1516.7,1535.1,2895972571.7126
1658534400000,1535.1,1597.4,1486.5,1549.2,2120829670.4777
1658620800000,1549.2,1667,1546.6,1598.1,2720675428.799
1658707200000,1598.1,1610.4,1434.9,1440.8,3589153816.1123
1658793600000,1440.9,1455.2,1354.6,1449.7,3037530218.5104
1658880000000,1449.7,1647.8,1421.5,1637.4,4111534845.5352
1658966400000,1637.4,1786.6,1594.7,1725,5012220355.6087
1659052800000,1725,1767,1656,1721.9,4069215103.4827
1659139200000,1721.9,1746.2,1673.5,1697.9,2328900572.108
1659225600000,1697.9,1757.9,1664.8,1678.9,1919986290.9237
1659312000000,1678.9,1705.7,1606.4,1630.6,2436237038.0847
1659398400000,1630.6,1679.1,1557.6,1630.8,3451757714.3939
1659484800000,1630.8,1687.7,1589.2,1618,2652385517.8963
1659571200000,1618,1662.8,1580.2,1607.9,2706590867.1538
1659657600000,1607.9,1743.6,1605.6,1738.1,3635648906.1738
1659744000000,1738.1,1751.6,1685.9,1690.5,1355679230.5918
1659830400000,1690.5,1731.1,1668.4,1700.4,1146231549.5981
1659916800000,1700.4,1820,1693.6,1777.3,2604016548.8086
1660003200000,1777.3,1791.5,1667.2,1703.4,2930324028.594
1660089600000,1703.4,1887.8,1649,1854.7,4581684575.7619
1660176000000,1854.7,1944.5,1850.9,1881.1,3764403170.939
1660262400000,1881.1,1967.5,1852.2,1960.6,2505505009.1144
1660348800000,1960.5,2022.3,1949,1995.6,1431970585.5153
